gender,occupation
Male,Software Engineer
Male,Doctor
Male,Doctor
Male,Sales Representative
Male,Sales Representative
Male,Software Engineer
Male,Teacher
Male,Doctor
Male,Doctor
Male,Doctor
Male,Doctor
Male,Doctor
Male,Doctor
Male,Doctor
Male,Doctor
Male,Doctor
Female,Nurse
Male,Doctor
Female,Nurse
Male,Doctor
Male,Doctor
Male,Doctor
Male,Doctor
Male,Doctor
Male,Doctor
Male,Doctor
Male,Doctor
Male,Doctor
Male,Doctor
Male,Doctor
Female,Nurse
Female,Nurse
Female,Nurse
Male,Doctor
Male,Doctor
Male,Doctor
Male,Doctor
Male,Doctor
Male,Doctor
Male,Doctor
Male,Doctor
Male,Doctor
Male,Doctor
Male,Doctor
Male,Doctor
Male,Doctor
Male,Doctor
Male,Doctor
Male,Doctor
Male,Doctor
Male,Engineer
Male,Engineer
Male,Doctor
Male,Doctor
Male,Doctor
Male,Doctor
Male,Doctor
Male,Doctor
Male,Doctor
Male,Doctor
Male,Doctor
Male,Doctor
Male,Doctor
Male,Doctor
Male,Doctor
Male,Doctor
Male,Accountant
Male,Doctor
Female,Scientist
Female,Scientist
Male,Doctor
Male,Doctor
Male,Doctor
Male,Doctor
Male,Doctor
Male,Doctor
Male,Doctor
Male,Doctor
Male,Doctor
Male,Doctor
Female,Scientist
Female,Scientist
Male,Teacher
Male,Teacher
Male,Software Engineer
Female,Accountant
Male,Engineer
Male,Engineer
Male,Engineer
Male,Engineer
Male,Engineer
Male,Engineer
Male,Software Engineer
Male,Lawyer
Female,Accountant
Female,Accountant
Female,Accountant
Female,Accountant
Female,Teacher
Female,Teacher
Female,Teacher
Female,Teacher
Female,Teacher
Male,Teacher
Female,Teacher
Male,Teacher
Female,Nurse
Male,Engineer
Male,Engineer
Male,Lawyer
Female,Accountant
Male,Lawyer
Female,Accountant
Male,Lawyer
Female,Accountant
Female,Accountant
Female,Accountant
Female,Accountant
Female,Accountant
Female,Accountant
Female,Accountant
Female,Accountant
Female,Accountant
Female,Accountant
Female,Accountant
Female,Nurse
Male,Lawyer
Female,Accountant
Male,Lawyer
Male,Lawyer
Female,Accountant
Male,Lawyer
Male,Lawyer
Female,Accountant
Male,Lawyer
Male,Lawyer
Female,Accountant
Male,Lawyer
Female,Accountant
Male,Lawyer
Female,Accountant
Male,Lawyer
Female,Accountant
Female,Accountant
Male,Lawyer
Female,Lawyer
Male,Lawyer
Male,Engineer
Female,Lawyer
Female,Accountant
Female,Accountant
Male,Lawyer
Male,Lawyer
Male,Lawyer
Male,Lawyer
Male,Lawyer
Male,Lawyer
Male,Lawyer
Male,Lawyer
Male,Lawyer
Male,Lawyer
Female,Accountant
Female,Accountant
Male,Lawyer
Male,Lawyer
Male,Lawyer
Male,Engineer
Male,Lawyer
Male,Lawyer
Male,Lawyer
Male,Lawyer
Male,Lawyer
Male,Lawyer
Male,Lawyer
Male,Lawyer
Male,Lawyer
Male,Lawyer
Male,Salesperson
Male,Lawyer
Male,Lawyer
Male,Lawyer
Male,Lawyer
Male,Lawyer
Male,Lawyer
Female,Teacher
Female,Teacher
Female,Teacher
Male,Salesperson
Female,Teacher
Male,Salesperson
Female,Teacher
Male,Salesperson
Male,Salesperson
Male,Salesperson
Male,Salesperson
Male,Salesperson
Male,Salesperson
Male,Salesperson
Male,Salesperson
Male,Salesperson
Male,Salesperson
Male,Engineer
Male,Engineer
Male,Engineer
Male,Engineer
Male,Engineer
Male,Engineer
Male,Engineer
Male,Engineer
Male,Engineer
Male,Engineer
Male,Engineer
Male,Engineer
Male,Engineer
Male,Engineer
Male,Engineer
Male,Engineer
Male,Engineer
Male,Engineer
Male,Salesperson
Female,Teacher
Male,Salesperson
Male,Salesperson
Male,Salesperson
Female,Teacher
Male,Salesperson
Female,Teacher
Male,Salesperson
Female,Teacher
Male,Salesperson
Female,Teacher
Male,Salesperson
Female,Teacher
Male,Salesperson
Female,Teacher
Male,Salesperson
Male,Salesperson
Female,Teacher
Male,Salesperson
Male,Salesperson
Female,Teacher
Male,Salesperson
Male,Salesperson
Female,Teacher
Male,Salesperson
Female,Teacher
Male,Salesperson
Male,Engineer
Male,Salesperson
Male,Salesperson
Female,Teacher
Female,Teacher
Female,Teacher
Female,Teacher
Female,Teacher
Female,Teacher
Female,Teacher
Female,Teacher
Female,Teacher
Female,Teacher
Female,Teacher
Female,Teacher
Female,Teacher
Female,Manager
Male,Doctor
Female,Nurse
Male,Doctor
Female,Nurse
Female,Nurse
Female,Nurse
Female,Nurse
Female,Nurse
Female,Nurse
Female,Nurse
Female,Nurse
Female,Nurse
Male,Doctor
Male,Doctor
Female,Nurse
Female,Engineer
Female,Nurse
Female,Nurse
Female,Nurse
Female,Nurse
Female,Nurse
Female,Nurse
Female,Nurse
Female,Nurse
Female,Nurse
Female,Nurse
Female,Nurse
Female,Nurse
Female,Nurse
Female,Nurse
Female,Nurse
Female,Nurse
Female,Nurse
Female,Nurse
Female,Engineer
Female,Engineer
Female,Engineer
Female,Engineer
Female,Nurse
Female,Nurse
Female,Nurse
Female,Nurse
Female,Accountant
Female,Accountant
Female,Accountant
Female,Accountant
Female,Accountant
Female,Accountant
Female,Engineer
Female,Engineer
Female,Engineer
Female,Engineer
Female,Engineer
Female,Engineer
Female,Engineer
Female,Engineer
Female,Engineer
Female,Engineer
Female,Engineer
Female,Engineer
Female,Engineer
Female,Engineer
Female,Engineer
Female,Engineer
Female,Engineer
Female,Engineer
Female,Engineer
Female,Engineer
Female,Engineer
Female,Engineer
Female,Engineer
Female,Engineer
Female,Engineer
Female,Engineer
Female,Engineer
Female,Nurse
Female,Nurse
Female,Doctor
Female,Doctor
Female,Nurse
Female,Nurse
Female,Nurse
Female,Nurse
Female,Nurse
Female,Nurse
Female,Nurse
Female,Nurse
Female,Nurse
Female,Nurse
Female,Nurse
Female,Nurse
Female,Nurse
Female,Nurse
Female,Nurse
Female,Nurse
Female,Nurse
Female,Nurse
Female,Nurse
Female,Nurse
Female,Nurse
Female,Nurse
Female,Nurse
Female,Nurse
Female,Nurse
Female,Nurse
Female,Nurse
Female,Nurse
Female,Nurse
Female,Nurse
Female,Nurse
